ALD;MT
223.72296949494537;578.0
243.96229462453238;604.0
245.78824233163465;604.0
255.79161647056787;604.0
248.68679120722774;604.0
244.85093266456389;604.0
252.88492531837682;604.0
246.28492617857378;604.0
244.46566161280907;604.0
248.1934505878386;604.0
