ALD;MT
249.0951583256276;604.0
245.14604667046956;604.0
244.302782742617;604.0
243.57143844874233;604.0
255.7552036583718;604.0
248.41177599331982;604.0
245.9394327579399;604.0
255.4042639665087;604.0
253.4591672933204;604.0
256.24671469083614;604.0
