ALD;MT
80.14388603543703;1182.0
82.74489173647271;1182.0
92.01351215886073;1182.0
88.50791066195926;1182.0
90.29626885633492;1182.0
85.65721771133815;1182.0
82.6473330760424;1182.0
87.98646909901117;1182.0
85.59817895102258;1182.0
90.69827586414395;1182.0
