ALD;MT
265.22283858490874;622.0
278.95122895382366;622.0
283.2725120222843;622.0
276.6245348151287;622.0
284.03068755968155;622.0
283.32355912376397;622.0
282.0236091989458;622.0
273.6880087750428;622.0
280.92289068072597;622.0
267.8254136497317;622.0
