ALD;MT
274.69352193394053;634.0
272.03520342020306;634.0
282.1625588451257;634.0
286.3411910367687;634.0
271.81158973439494;634.0
278.97587068044766;634.0
276.81286927479675;634.0
281.50798139442406;634.0
259.6929855839905;634.0
238.8584229104625;634.0
