ALD;MT
65.79493484395303;1198.0
73.49681318918553;1198.0
65.52513034862316;1198.0
70.63844802782964;1198.0
72.33328697252819;1198.0
69.39451864533518;1198.0
71.27249710858926;1198.0
68.24962605755255;1198.0
65.61995831522697;1198.0
67.257215173162;1198.0
