ALD;MT
125.84419420563297;590.0
124.99921696996672;590.0
130.58826112041112;590.0
129.3574367370717;590.0
132.166996657497;590.0
131.46887003544995;590.0
131.20791530287156;590.0
122.60238795947362;590.0
122.20925240316772;590.0
130.17010006226064;590.0
