ALD;MT
117.67570535008154;522.0
161.19920802594874;522.0
150.20515270975577;522.0
167.06725719721996;522.0
160.07431459826452;522.0
164.3674738608034;522.0
149.539179469539;522.0
167.21283950042644;522.0
154.27904322744766;522.0
125.8601413265804;522.0
