ALD;MT
70.72495439450485;676.0
71.1807086845006;676.0
67.6310377076459;676.0
66.70071882883127;676.0
71.49547702188744;676.0
65.92498688665516;676.0
74.98969444851818;676.0
66.7771575840808;676.0
63.6336315646315;676.0
75.27355842770893;676.0
