ALD;MT
137.77147565035702;514.0
136.70525741683005;514.0
138.0273898969219;514.0
135.75113000559426;514.0
114.61868193939299;514.0
128.09849788541013;514.0
135.0141392236555;514.0
141.57750273188898;514.0
145.8219222043193;514.0
135.10074708983728;514.0
