ALD;MT
116.62489933645395;610.0
131.96502232030699;610.0
124.06652187420066;610.0
121.25097595516793;610.0
128.9817330292029;610.0
125.21692522465761;610.0
121.5434152118184;610.0
118.12879008926197;610.0
132.5838930773148;610.0
122.57347930072906;610.0
