ALD;MT
78.09428028979941;678.0
68.87081043247782;678.0
74.08096898135145;678.0
78.53730528524248;678.0
75.23830196087647;678.0
78.27828665565657;678.0
76.4629436347265;678.0
88.01985361391537;678.0
75.32181770926732;678.0
71.71598093548101;678.0
