ALD;MT
280.8548720081802;524.0
281.6495268645997;528.0
286.8120256414706;528.0
284.29253473203624;528.0
282.42597823704097;528.0
292.41994327514294;528.0
278.7769122022436;528.0
287.18885981613886;528.0
286.3620141237944;528.0
292.1962707048418;528.0
281.8649903860573;528.0
