ALD;MT
291.74403884689826;640.0
286.47654366040354;640.0
294.9078911859631;640.0
287.38585538691217;640.0
289.15003457088096;640.0
292.84792307792605;640.0
291.5169807978221;640.0
286.3240948432858;640.0
295.36041548398873;640.0
300.02077818391933;640.0
