ALD;MT
59.12542570337621;142.0
50.68541219865718;142.0
68.77552970916699;142.0
64.53209044310786;142.0
53.37542851464815;142.0
59.13726872543773;142.0
66.39770732330372;142.0
47.564953443402196;142.0
73.7470226613131;142.0
59.05238774025505;142.0
