ALD;MT
56.12032414701679;140.0
49.64058413163839;140.0
63.59705127701028;140.0
46.60316852447289;140.0
55.98688499017501;140.0
61.426998946052116;140.0
47.506720919203126;140.0
44.34305030144676;140.0
46.333505163020675;140.0
56.12528654653448;140.0
