ALD;MT
75.4391444779385;204.0
76.15803316062171;204.0
82.76006704541028;204.0
94.10765533434346;204.0
65.77909097956882;204.0
88.74846849374374;204.0
85.56525056506105;204.0
114.11159388234458;204.0
96.72319312254318;204.0
74.33356812254375;204.0
