ALD;MT
123.88130416666594;210.0
113.09124374999925;210.0
127.87909864551855;210.0
79.07297083333329;210.0
95.13961885277247;210.0
118.08770922035383;210.0
72.4050268308259;210.0
106.62417564155899;210.0
129.55673792379523;210.0
117.07633657542321;210.0
